aa;aa1;Lewis Hamilton;Mercedes-AMG Petronas;36(1985);288;103;103;4165,5
aa;aa2; Valtteri Bottas; Mercedes-AMG Petronas; 32(1989); 178; 10; 20; 1738
aa;aa3; Daniel Ricciardo; McLaren F1 Team; 32(1989); 210; 8; 3; 1274
aa;aa4; Lando Norris; McLaren F1 Team; 22(1999); 60; 0; 1; 306
ab;ab1; Max Verstappen; Red Bull Racing; 24(1997); 141; 20; 13; 1557,5
ab;ab2; Sergio Perez; Red Bull Racing; 31(1990); 213; 2; 0; 896
ab;ab3; Pierre Gasly; Alpha Tauri; 25(1996); 85; 1; 0; 299
ab;ab4; Yuki Tsunoda; Alpha Tauri; 21(2000); 22; 0; 0; 32
ac;ac1; Charles Lecler; Ferrari; 24(1997); 80; 2; 9; 560
ac;ac2; Carlos Sainz; Ferrari; 27(1994); 140; 0; 0; 536,5
ac;ac3; Kimi Räikkönen; Alfa Romeo Racing; 42(1979); 350; 21; 18; 1873
ac;ac4; Antonio Giovinazzi; Alfa Romeo Racing; 28(1993); 61; 0; 0; 21
ad;ad1; Nikita Mazepin; Haas F1; 22(1999); 22; 0; 0; 0
ad;ad2; Mick Schumacher; Haas F1; 22(1999); 22; 0; 0; 0
ad;ad3; George Russel; Williams Racing; 23(1998); 56; 0; 0; 19
ad;ad4; Nicholas Latifi; Williams Racing; 26(1995); 37; 0; 0; 7
ae;ae1; Fernando Alonso; Alpine F1 Team; 40(1981); 334; 32; 22; 1980
ae;ae2; Esteban Ocon; Alpine F1 Team; 25(1996); 89; 1; 0; 272
ae;ae3; Sebastian Vettel; Aston Martin F1 Team; 34(1987); 277; 53; 57; 3061
ae;ae4; Lance Stroll; Aston Martin F1 Team; 23(1998); 99; 0; 1; 176